{"cameraMode":{"drawMode":0,"name":"Shaded","section":"Shading Mode"},"sceneLighting":false,"audioPlay":false,"sceneViewState":{"showFog":true,"showMaterialUpdate":true,"showSkybox":false,"showFlares":true,"showImageEffects":true,"showParticleSystems":true},"in2DMode":false,"pivot":{"x":7.821507930755615,"y":0.5604801177978516,"z":-0.0029600858688354494},"rotation":{"x":-0.10883045196533203,"y":-0.37871912121772768,"z":0.04544807970523834,"w":-0.91810542345047},"size":9.622297286987305,"orthographic":false}