{"cameraMode":{"drawMode":0,"name":"Shaded","section":"Shading Mode"},"sceneLighting":false,"audioPlay":false,"sceneViewState":{"showFog":true,"showMaterialUpdate":true,"showSkybox":false,"showFlares":true,"showImageEffects":true,"showParticleSystems":true},"in2DMode":false,"pivot":{"x":16.96999740600586,"y":0.5100000500679016,"z":0.003999985754489899},"rotation":{"x":-0.16297447681427003,"y":-0.32447299361228945,"z":0.05757756531238556,"w":-0.9300870299339294},"size":0.4760615825653076,"orthographic":false}