{"cameraMode":{"drawMode":0,"name":"Shaded","section":"Shading Mode"},"sceneLighting":false,"audioPlay":false,"sceneViewState":{"showFog":true,"showMaterialUpdate":true,"showSkybox":false,"showFlares":true,"showImageEffects":true,"showParticleSystems":true},"in2DMode":false,"pivot":{"x":16.13344383239746,"y":3.9038000106811525,"z":-7.046482086181641},"rotation":{"x":-0.04251185804605484,"y":-0.12732915580272675,"z":0.005682501941919327,"w":-0.9910120368003845},"size":2.8578836917877199,"orthographic":false}