{"cameraMode":{"drawMode":0,"name":"Shaded","section":"Shading Mode"},"sceneLighting":false,"audioPlay":false,"sceneViewState":{"showFog":true,"showMaterialUpdate":true,"showSkybox":false,"showFlares":true,"showImageEffects":true,"showParticleSystems":true},"in2DMode":false,"pivot":{"x":20.991437911987306,"y":3.368154287338257,"z":10.25},"rotation":{"x":0.04960913956165314,"y":0.07353617995977402,"z":0.004242470487952232,"w":-0.996164083480835},"size":74.4279556274414,"orthographic":false}