{"cameraMode":{"drawMode":0,"name":"Shaded","section":"Shading Mode"},"sceneLighting":true,"audioPlay":false,"sceneViewState":{"showFog":true,"showMaterialUpdate":true,"showSkybox":true,"showFlares":true,"showImageEffects":true,"showParticleSystems":true},"in2DMode":false,"pivot":{"x":34.202919006347659,"y":17.168399810791017,"z":9.262131690979004},"rotation":{"x":0.10598594695329666,"y":0.3378027379512787,"z":-0.03882336616516113,"w":0.9345642924308777},"size":134.39987182617188,"orthographic":false}