{"cameraMode":{"drawMode":0,"name":"Shaded","section":"Shading Mode"},"sceneLighting":false,"audioPlay":false,"sceneViewState":{"showFog":true,"showMaterialUpdate":true,"showSkybox":false,"showFlares":true,"showImageEffects":true,"showParticleSystems":true},"in2DMode":false,"pivot":{"x":7.721258640289307,"y":0.5008445382118225,"z":-0.5141410827636719},"rotation":{"x":0.11575867980718613,"y":0.741447389125824,"z":-0.13268616795539857,"w":0.6475655436515808},"size":2.9451308250427248,"orthographic":false}