{"cameraMode":{"drawMode":0,"name":"Shaded","section":"Shading Mode"},"sceneLighting":false,"audioPlay":false,"sceneViewState":{"showFog":true,"showMaterialUpdate":true,"showSkybox":false,"showFlares":true,"showImageEffects":true,"showParticleSystems":true},"in2DMode":false,"pivot":{"x":3.941202163696289,"y":0.4869999885559082,"z":0.0},"rotation":{"x":-0.3934602439403534,"y":-0.17176277935504914,"z":0.07569625228643418,"w":-0.9001178741455078},"size":1.5387684106826783,"orthographic":false}