{"cameraMode":{"drawMode":0,"name":"Shaded","section":"Shading Mode"},"sceneLighting":true,"audioPlay":false,"sceneViewState":{"showFog":true,"showMaterialUpdate":true,"showSkybox":true,"showFlares":true,"showImageEffects":true,"showParticleSystems":true},"in2DMode":false,"pivot":{"x":18.534894943237306,"y":4.240176677703857,"z":11.814586639404297},"rotation":{"x":0.033587753772735599,"y":0.9058797955513,"z":-0.07427868992090225,"w":0.4159325361251831},"size":34.0651741027832,"orthographic":false}